{"cameraMode":{"drawMode":0,"name":"Shaded","section":"Shading Mode"},"sceneLighting":true,"audioPlay":false,"sceneViewState":{"showFog":true,"showMaterialUpdate":false,"showSkybox":true,"showFlares":true,"showImageEffects":true,"showParticleSystems":true},"in2DMode":false,"pivot":{"x":128.9132843017578,"y":190.5240478515625,"z":-45.788291931152347},"rotation":{"x":-0.18117965757846833,"y":-0.48584964871406557,"z":0.10371196269989014,"w":-0.8487449288368225},"size":459.57073974609377,"orthographic":false}